stop_id,stop_name,stop_lat,stop_lon,borough,
L06,1 Av,40.730953,-73.981628,Manhattan,1 Av (Manhattan)
119,103 St,40.799446,-73.968379,Manhattan,103 St (Manhattan)
624,103 St,40.7906,-73.947478,Manhattan,103 St (Manhattan)
A18,103 St,40.796092,-73.961454,Manhattan,103 St (Manhattan)
706,103 St-Corona Plaza,40.749865,-73.8627,Queens,103 St-Corona Plaza (Queens)
A63,104 St,40.681711,-73.837683,Queens,104 St (Queens)
J14,104 St,40.695178,-73.84433,Queens,104 St (Queens)
623,110 St,40.79502,-73.94425,Manhattan,110 St (Manhattan)
227,110 St-Malcolm X Plaza,40.799075,-73.951822,Manhattan,110 St-Malcolm X Plaza (Manhattan)
705,111 St,40.75173,-73.855334,Queens,111 St (Queens)
A64,111 St,40.684331,-73.832163,Queens,111 St (Queens)
J13,111 St,40.697418,-73.836345,Queens,111 St (Queens)
226,116 St,40.802098,-73.949625,Manhattan,116 St (Manhattan)
622,116 St,40.798629,-73.941617,Manhattan,116 St (Manhattan)
A16,116 St,40.805085,-73.954882,Manhattan,116 St (Manhattan)
117,116 St-Columbia University,40.807722,-73.96411,Manhattan,116 St-Columbia University (Manhattan)
J12,121 St,40.700492,-73.828294,Queens,121 St (Queens)
116,125 St,40.815581,-73.958372,Manhattan,125 St (Manhattan)
225,125 St,40.807754,-73.945495,Manhattan,125 St (Manhattan)
621,125 St,40.804138,-73.937594,Manhattan,125 St (Manhattan)
A15,125 St,40.811109,-73.952343,Manhattan,125 St (Manhattan)
224,135 St,40.814229,-73.94077,Manhattan,135 St (Manhattan)
A14,135 St,40.817894,-73.947649,Manhattan,135 St (Manhattan)
115,137 St-City College,40.822008,-73.953676,Manhattan,137 St-City College (Manhattan)
416,138 St-Grand Concourse,40.813224,-73.929849,Bronx,138 St-Grand Concourse (Bronx)
132,14 St,40.737826,-74.000201,Manhattan,14 St (Manhattan)
A31,14 St,40.740893,-74.00169,Manhattan,14 St (Manhattan)
D19,14 St,40.738228,-73.996209,Manhattan,14 St (Manhattan)
635,14 St-Union Sq,40.734673,-73.989951,Manhattan,14 St-Union Sq (Manhattan)
L03,14 St-Union Sq,40.734789,-73.99073,Manhattan,14 St-Union Sq (Manhattan)
R20,14 St-Union Sq,40.735736,-73.990568,Manhattan,14 St-Union Sq (Manhattan)
114,145 St,40.826551,-73.95036,Manhattan,145 St (Manhattan)
302,145 St,40.820421,-73.936245,Manhattan,145 St (Manhattan)
A12,145 St,40.824783,-73.944216,Manhattan,145 St (Manhattan)
D13,145 St,40.824783,-73.944216,Manhattan,145 St (Manhattan)
222,149 St-Grand Concourse,40.81841,-73.926718,Bronx,149 St-Grand Concourse (Bronx)
415,149 St-Grand Concourse,40.818375,-73.927351,Bronx,149 St-Grand Concourse (Bronx)
F25,15 St-Prospect Park,40.660365,-73.979493,Brooklyn,15 St-Prospect Park (Brooklyn)
A11,155 St,40.830518,-73.941514,Manhattan,155 St (Manhattan)
D12,155 St,40.830135,-73.938209,Manhattan,155 St (Manhattan)
113,157 St,40.834041,-73.94489,Manhattan,157 St (Manhattan)
414,161 St-Yankee Stadium,40.827994,-73.925831,Bronx,161 St-Yankee Stadium (Bronx)
D11,161 St-Yankee Stadium,40.827905,-73.925651,Bronx,161 St-Yankee Stadium (Bronx)
A10,163 St-Amsterdam Av,40.836013,-73.939892,Manhattan,163 St-Amsterdam Av (Manhattan)
413,167 St,40.835537,-73.9214,Bronx,167 St (Bronx)
D10,167 St,40.833771,-73.91844,Bronx,167 St (Bronx)
A09,168 St,40.840719,-73.939561,Manhattan,168 St (Manhattan)
112,168 St-Washington Hts,40.840556,-73.940133,Manhattan,168 St-Washington Hts (Manhattan)
F02,169 St,40.71047,-73.793604,Queens,169 St (Queens)
412,170 St,40.840075,-73.917791,Bronx,170 St (Bronx)
D09,170 St,40.839306,-73.9134,Bronx,170 St (Bronx)
215,174 St,40.837288,-73.887734,Bronx,174 St (Bronx)
D08,174-175 Sts,40.8459,-73.910136,Bronx,174-175 Sts (Bronx)
A07,175 St,40.847391,-73.939704,Manhattan,175 St (Manhattan)
410,176 St,40.84848,-73.911794,Bronx,176 St (Bronx)
B19,18 Av,40.607954,-74.001736,Brooklyn,18 Av (Brooklyn)
F30,18 Av,40.629755,-73.976971,Brooklyn,18 Av (Brooklyn)
N05,18 Av,40.620671,-73.990414,Brooklyn,18 Av (Brooklyn)
131,18 St,40.74104,-73.997871,Manhattan,18 St (Manhattan)
111,181 St,40.849505,-73.933596,Manhattan,181 St (Manhattan)
A06,181 St,40.851695,-73.937969,Manhattan,181 St (Manhattan)
D06,182-183 Sts,40.856093,-73.900741,Bronx,182-183 Sts (Bronx)
408,183 St,40.858407,-73.903879,Bronx,183 St (Bronx)
A05,190 St,40.859022,-73.93418,Manhattan,190 St (Manhattan)
110,191 St,40.855225,-73.929412,Manhattan,191 St (Manhattan)
F14,2 Av,40.723402,-73.989938,Manhattan,2 Av (Manhattan)
B20,20 Av,40.604556,-73.998168,Brooklyn,20 Av (Brooklyn)
N06,20 Av,40.61741,-73.985026,Brooklyn,20 Av (Brooklyn)
108,207 St,40.864621,-73.918822,Manhattan,207 St (Manhattan)
G24,21 St,40.744065,-73.949724,Queens,21 St (Queens)
B04,21 St-Queensbridge,40.754203,-73.942836,Queens,21 St-Queensbridge (Queens)
107,215 St,40.869444,-73.915279,Manhattan,215 St (Manhattan)
207,219 St,40.883895,-73.862633,Bronx,219 St (Bronx)
206,225 St,40.888022,-73.860341,Bronx,225 St (Bronx)
130,23 St,40.744081,-73.995657,Manhattan,23 St (Manhattan)
A30,23 St,40.745906,-73.998041,Manhattan,23 St (Manhattan)
D18,23 St,40.742878,-73.992821,Manhattan,23 St (Manhattan)
R19,23 St,40.741303,-73.989344,Manhattan,23 St (Manhattan)
634,23 St-Baruch College,40.739864,-73.986599,Manhattan,23 St-Baruch College (Manhattan)
104,231 St,40.878856,-73.904834,Bronx,231 St (Bronx)
205,233 St,40.893193,-73.857473,Bronx,233 St (Bronx)
103,238 St,40.884667,-73.90087,Bronx,238 St (Bronx)
B22,25 Av,40.597704,-73.986829,Brooklyn,25 Av (Brooklyn)
R35,25 St,40.660397,-73.998091,Brooklyn,25 St (Brooklyn)
129,28 St,40.747215,-73.993365,Manhattan,28 St (Manhattan)
633,28 St,40.74307,-73.984264,Manhattan,28 St (Manhattan)
R18,28 St,40.745494,-73.988691,Manhattan,28 St (Manhattan)
L05,3 Av,40.732849,-73.986122,Manhattan,3 Av (Manhattan)
619,3 Av-138 St,40.810476,-73.926138,Bronx,3 Av-138 St (Bronx)
221,3 Av-149 St,40.816109,-73.917757,Bronx,3 Av-149 St (Bronx)
R04,30 Av,40.766779,-73.921479,Queens,30 Av (Queens)
632,33 St,40.746081,-73.982076,Manhattan,33 St (Manhattan)
716,33 St-Rawson St,40.744587,-73.930997,Queens,33 St-Rawson St (Queens)
D17,34 St-Herald Sq,40.749719,-73.987823,Manhattan,34 St-Herald Sq (Manhattan)
R17,34 St-Herald Sq,40.749567,-73.98795,Manhattan,34 St-Herald Sq (Manhattan)
726,34 St-Hudson Yards,40.755882,-74.00191,Manhattan,34 St-Hudson Yards (Manhattan)
128,34 St-Penn Station,40.750373,-73.991057,Manhattan,34 St-Penn Station (Manhattan)
A28,34 St-Penn Station,40.752287,-73.993391,Manhattan,34 St-Penn Station (Manhattan)
R06,36 Av,40.756804,-73.929575,Queens,36 Av (Queens)
G20,36 St,40.752039,-73.928781,Queens,36 St (Queens)
R36,36 St,40.655144,-74.003549,Brooklyn,36 St (Brooklyn)
R08,39 Av-Dutch Kills,40.752882,-73.932755,Queens,39 Av-Dutch Kills (Queens)
F23,4 Av-9 St,40.670272,-73.989779,Brooklyn,4 Av-9 St (Brooklyn)
R33,4 Av-9 St,40.670847,-73.988302,Brooklyn,4 Av-9 St (Brooklyn)
715,40 St-Lowery St,40.743781,-73.924016,Queens,40 St-Lowery St (Queens)
D16,42 St-Bryant Pk,40.754222,-73.984569,Manhattan,42 St-Bryant Pk (Manhattan)
A27,42 St-Port Authority Bus Terminal,40.757308,-73.989735,Manhattan,42 St-Port Authority Bus Terminal (Manhattan)
R39,45 St,40.648939,-74.010006,Brooklyn,45 St (Brooklyn)
G18,46 St,40.756312,-73.913333,Queens,46 St (Queens)
714,46 St-Bliss St,40.743132,-73.918435,Queens,46 St-Bliss St (Queens)
D15,47-50 Sts-Rockefeller Ctr,40.758663,-73.981329,Manhattan,47-50 Sts-Rockefeller Ctr (Manhattan)
R15,49 St,40.759901,-73.984139,Manhattan,49 St (Manhattan)
724,5 Av,40.753821,-73.981963,Manhattan,5 Av (Manhattan)
F12,5 Av/53 St,40.760167,-73.975224,Manhattan,5 Av/53 St (Manhattan)
R13,5 Av/59 St,40.764811,-73.973347,Manhattan,5 Av/59 St (Manhattan)
126,50 St,40.761728,-73.983849,Manhattan,50 St (Manhattan)
A25,50 St,40.762456,-73.985984,Manhattan,50 St (Manhattan)
B14,50 St,40.63626,-73.994791,Brooklyn,50 St (Brooklyn)
630,51 St,40.757107,-73.97192,Manhattan,51 St (Manhattan)
713,52 St,40.744149,-73.912549,Queens,52 St (Queens)
R40,53 St,40.645069,-74.014034,Brooklyn,53 St (Brooklyn)
B15,55 St,40.631435,-73.995476,Brooklyn,55 St (Brooklyn)
B10,57 St,40.763972,-73.97745,Manhattan,57 St (Manhattan)
R14,57 St-7 Av,40.764664,-73.980658,Manhattan,57 St-7 Av (Manhattan)
629,59 St,40.762526,-73.967967,Manhattan,59 St (Manhattan)
R41,59 St,40.641362,-74.017881,Brooklyn,59 St (Brooklyn)
125,59 St-Columbus Circle,40.768247,-73.981929,Manhattan,59 St-Columbus Circle (Manhattan)
A24,59 St-Columbus Circle,40.768296,-73.981736,Manhattan,59 St-Columbus Circle (Manhattan)
L02,6 Av,40.737335,-73.996786,Manhattan,6 Av (Manhattan)
712,61 St-Woodside,40.74563,-73.902984,Queens,61 St-Woodside (Queens)
B16,62 St,40.626472,-73.996895,Brooklyn,62 St (Brooklyn)
G10,63 Dr-Rego Park,40.729846,-73.861604,Queens,63 Dr-Rego Park (Queens)
G15,65 St,40.749669,-73.898453,Queens,65 St (Queens)
124,66 St-Lincoln Center,40.77344,-73.982209,Manhattan,66 St-Lincoln Center (Manhattan)
G09,67 Av,40.726523,-73.852719,Queens,67 Av (Queens)
628,68 St-Hunter College,40.768141,-73.96387,Manhattan,68 St-Hunter College (Manhattan)
711,69 St,40.746325,-73.896403,Queens,69 St (Queens)
D14,7 Av,40.762862,-73.981637,Manhattan,7 Av (Manhattan)
D25,7 Av,40.67705,-73.972367,Brooklyn,7 Av (Brooklyn)
F24,7 Av,40.666271,-73.980305,Brooklyn,7 Av (Brooklyn)
B17,71 St,40.619589,-73.998864,Brooklyn,71 St (Brooklyn)
123,72 St,40.778453,-73.98197,Manhattan,72 St (Manhattan)
A22,72 St,40.775594,-73.97641,Manhattan,72 St (Manhattan)
Q03,72 St,40.768799,-73.958424,Manhattan,72 St (Manhattan)
710,74 St-Broadway,40.746848,-73.891394,Queens,74 St-Broadway (Queens)
F07,75 Av,40.718331,-73.837324,Queens,75 Av (Queens)
J17,75 St-Elderts Ln,40.691324,-73.867139,Queens,75 St-Elderts Ln (Queens)
627,77 St,40.77362,-73.959874,Manhattan,77 St (Manhattan)
R43,77 St,40.629742,-74.02551,Brooklyn,77 St (Brooklyn)
122,79 St,40.783934,-73.979917,Manhattan,79 St (Manhattan)
B18,79 St,40.613501,-74.00061,Brooklyn,79 St (Brooklyn)
L01,8 Av,40.739777,-74.002578,Manhattan,8 Av (Manhattan)
N02,8 Av,40.635064,-74.011719,Brooklyn,8 Av (Brooklyn)
R21,8 St-NYU,40.730328,-73.992629,Manhattan,8 St-NYU (Manhattan)
A59,80 St,40.679371,-73.858992,Queens,80 St (Queens)
A21,81 St-Museum of Natural History,40.781433,-73.972143,Manhattan,81 St-Museum of Natural History (Manhattan)
709,82 St-Jackson Hts,40.747659,-73.883697,Queens,82 St-Jackson Hts (Queens)
J16,85 St-Forest Pkwy,40.692435,-73.86001,Queens,85 St-Forest Pkwy (Queens)
121,86 St,40.788644,-73.976218,Manhattan,86 St (Manhattan)
626,86 St,40.779492,-73.955589,Manhattan,86 St (Manhattan)
A20,86 St,40.785868,-73.968916,Manhattan,86 St (Manhattan)
N10,86 St,40.592721,-73.97823,Brooklyn,86 St (Brooklyn)
Q04,86 St,40.777891,-73.951787,Manhattan,86 St (Manhattan)
R44,86 St,40.622687,-74.028398,Brooklyn,86 St (Brooklyn)
A60,88 St,40.679843,-73.85147,Queens,88 St (Queens)
B12,9 Av,40.646292,-73.994324,Brooklyn,9 Av (Brooklyn)
708,90 St-Elmhurst Av,40.748408,-73.876613,Queens,90 St-Elmhurst Av (Queens)
120,96 St,40.793919,-73.972323,Manhattan,96 St (Manhattan)
625,96 St,40.785672,-73.95107,Manhattan,96 St (Manhattan)
A19,96 St,40.791642,-73.964696,Manhattan,96 St (Manhattan)
Q05,96 St,40.784318,-73.947152,Manhattan,96 St (Manhattan)
J24,Alabama Av,40.676992,-73.898654,Brooklyn,Alabama Av (Brooklyn)
210,Allerton Av,40.865462,-73.867352,Bronx,Allerton Av (Bronx)
S17,Annadale,40.54046,-74.178217,Staten Island,Annadale (Staten Island)
H01,Aqueduct Racetrack,40.672097,-73.835919,Queens,Aqueduct Racetrack (Queens)
H02,Aqueduct-N Conduit Av,40.668234,-73.834058,Queens,Aqueduct-N Conduit Av (Queens)
S11,Arthur Kill,40.516578,-74.242096,Staten Island,Arthur Kill (Staten Island)
636,Astor Pl,40.730054,-73.99107,Manhattan,Astor Pl (Manhattan)
R03,Astoria Blvd,40.770258,-73.917843,Queens,Astoria Blvd (Queens)
R01,Astoria-Ditmars Blvd,40.775036,-73.912034,Queens,Astoria-Ditmars Blvd (Queens)
L24,Atlantic Av,40.675345,-73.903097,Brooklyn,Atlantic Av (Brooklyn)
235,Atlantic Av-Barclays Ctr,40.684359,-73.977666,Brooklyn,Atlantic Av-Barclays Ctr (Brooklyn)
D24,Atlantic Av-Barclays Ctr,40.68446,-73.97689,Brooklyn,Atlantic Av-Barclays Ctr (Brooklyn)
R31,Atlantic Av-Barclays Ctr,40.683666,-73.97881,Brooklyn,Atlantic Av-Barclays Ctr (Brooklyn)
D32,Avenue H,40.62927,-73.961639,Brooklyn,Avenue H (Brooklyn)
F31,Avenue I,40.625322,-73.976127,Brooklyn,Avenue I (Brooklyn)
D33,Avenue J,40.625039,-73.960803,Brooklyn,Avenue J (Brooklyn)
D34,Avenue M,40.617618,-73.959399,Brooklyn,Avenue M (Brooklyn)
F33,Avenue N,40.61514,-73.974197,Brooklyn,Avenue N (Brooklyn)
F34,Avenue P,40.608944,-73.973022,Brooklyn,Avenue P (Brooklyn)
D37,Avenue U,40.5993,-73.955929,Brooklyn,Avenue U (Brooklyn)
F36,Avenue U,40.596063,-73.973357,Brooklyn,Avenue U (Brooklyn)
N09,Avenue U,40.597473,-73.979137,Brooklyn,Avenue U (Brooklyn)
F38,Avenue X,40.58962,-73.97425,Brooklyn,Avenue X (Brooklyn)
B23,Bay 50 St,40.588841,-73.983765,Brooklyn,Bay 50 St (Brooklyn)
B21,Bay Pkwy,40.601875,-73.993728,Brooklyn,Bay Pkwy (Brooklyn)
F32,Bay Pkwy,40.620769,-73.975264,Brooklyn,Bay Pkwy (Brooklyn)
N07,Bay Pkwy,40.611815,-73.981848,Brooklyn,Bay Pkwy (Brooklyn)
R42,Bay Ridge Av,40.634967,-74.023377,Brooklyn,Bay Ridge Av (Brooklyn)
R45,Bay Ridge-95 St,40.616622,-74.030876,Brooklyn,Bay Ridge-95 St (Brooklyn)
S20,Bay Terrace,40.5564,-74.136907,Staten Island,Bay Terrace (Staten Island)
502,Baychester Av,40.878663,-73.838591,Bronx,Baychester Av (Bronx)
H14,Beach 105 St,40.583209,-73.827559,Queens,Beach 105 St (Queens)
H10,Beach 25 St,40.600066,-73.761353,Queens,Beach 25 St (Queens)
H09,Beach 36 St,40.595398,-73.768175,Queens,Beach 36 St (Queens)
H08,Beach 44 St,40.592943,-73.776013,Queens,Beach 44 St (Queens)
H07,Beach 60 St,40.592374,-73.788522,Queens,Beach 60 St (Queens)
H06,Beach 67 St,40.590927,-73.796924,Queens,Beach 67 St (Queens)
H12,Beach 90 St,40.588034,-73.813641,Queens,Beach 90 St (Queens)
H13,Beach 98 St,40.585307,-73.820558,Queens,Beach 98 St (Queens)
L08,Bedford Av,40.717304,-73.956872,Brooklyn,Bedford Av (Brooklyn)
D03,Bedford Park Blvd,40.873244,-73.887138,Bronx,Bedford Park Blvd (Bronx)
405,Bedford Park Blvd-Lehman College,40.873412,-73.890064,Bronx,Bedford Park Blvd-Lehman College (Bronx)
G33,Bedford-Nostrand Avs,40.689627,-73.953522,Brooklyn,Bedford-Nostrand Avs (Brooklyn)
236,Bergen St,40.680829,-73.975098,Brooklyn,Bergen St (Brooklyn)
F20,Bergen St,40.686145,-73.990862,Brooklyn,Bergen St (Brooklyn)
D29,Beverley Rd,40.644031,-73.964492,Brooklyn,Beverley Rd (Brooklyn)
245,Beverly Rd,40.645098,-73.948959,Brooklyn,Beverly Rd (Brooklyn)
637,Bleecker St,40.725915,-73.994659,Manhattan,Bleecker St (Manhattan)
232,Borough Hall,40.693219,-73.989998,Brooklyn,Borough Hall (Brooklyn)
423,Borough Hall,40.692404,-73.990151,Brooklyn,Borough Hall (Brooklyn)
S04,Botanic Garden,40.670343,-73.959245,Brooklyn,Botanic Garden (Brooklyn)
M19,Bowery,40.72028,-73.993915,Manhattan,Bowery (Manhattan)
420,Bowling Green,40.704817,-74.014065,Manhattan,Bowling Green (Manhattan)
F05,Briarwood,40.709179,-73.820574,Queens,Briarwood (Queens)
D40,Brighton Beach,40.577621,-73.961376,Brooklyn,Brighton Beach (Brooklyn)
H04,Broad Channel,40.608382,-73.815925,Queens,Broad Channel (Queens)
M23,Broad St,40.706476,-74.011056,Manhattan,Broad St (Manhattan)
G30,Broadway,40.706092,-73.950308,Brooklyn,Broadway (Brooklyn)
R05,Broadway,40.76182,-73.925508,Queens,Broadway (Queens)
A51,Broadway Junction,40.678334,-73.905316,Brooklyn,Broadway Junction (Brooklyn)
J27,Broadway Junction,40.679498,-73.904512,Brooklyn,Broadway Junction (Brooklyn)
L22,Broadway Junction,40.678856,-73.90324,Brooklyn,Broadway Junction (Brooklyn)
D21,Broadway-Lafayette St,40.725297,-73.996204,Manhattan,Broadway-Lafayette St (Manhattan)
212,Bronx Park East,40.848828,-73.868457,Bronx,Bronx Park East (Bronx)
618,Brook Av,40.807566,-73.91924,Bronx,Brook Av (Bronx)
640,Brooklyn Bridge-City Hall,40.713065,-74.004131,Manhattan,Brooklyn Bridge-City Hall (Manhattan)
602,Buhre Av,40.84681,-73.832569,Bronx,Buhre Av (Bronx)
209,Burke Av,40.871356,-73.867164,Bronx,Burke Av (Bronx)
409,Burnside Av,40.853453,-73.907684,Bronx,Burnside Av (Bronx)
L21,Bushwick Av-Aberdeen St,40.682829,-73.905249,Brooklyn,Bushwick Av-Aberdeen St (Brooklyn)
135,Canal St,40.722854,-74.006277,Manhattan,Canal St (Manhattan)
639,Canal St,40.718803,-74.000193,Manhattan,Canal St (Manhattan)
A34,Canal St,40.720824,-74.005229,Manhattan,Canal St (Manhattan)
M20,Canal St,40.718092,-73.999892,Manhattan,Canal St (Manhattan)
Q01,Canal St,40.718383,-74.00046,Manhattan,Canal St (Manhattan)
R23,Canal St,40.719527,-74.001775,Manhattan,Canal St (Manhattan)
L29,Canarsie-Rockaway Pkwy,40.646654,-73.90185,Brooklyn,Canarsie-Rockaway Pkwy (Brooklyn)
F21,Carroll St,40.680303,-73.995048,Brooklyn,Carroll St (Brooklyn)
607,Castle Hill Av,40.834255,-73.851222,Bronx,Castle Hill Av (Bronx)
118,Cathedral Pkwy (110 St),40.803967,-73.966847,Manhattan,Cathedral Pkwy (110 St) (Manhattan)
A17,Cathedral Pkwy (110 St),40.800603,-73.958161,Manhattan,Cathedral Pkwy (110 St) (Manhattan)
M10,Central Av,40.697857,-73.927397,Brooklyn,Central Av (Brooklyn)
137,Chambers St,40.715478,-74.009266,Manhattan,Chambers St (Manhattan)
A36,Chambers St,40.714111,-74.008585,Manhattan,Chambers St (Manhattan)
M21,Chambers St,40.713243,-74.003401,Manhattan,Chambers St (Manhattan)
J28,Chauncey St,40.682893,-73.910456,Brooklyn,Chauncey St (Brooklyn)
133,Christopher St-Stonewall,40.733422,-74.002906,Manhattan,Christopher St-Stonewall (Manhattan)
244,Church Av,40.650843,-73.949575,Brooklyn,Church Av (Brooklyn)
D28,Church Av,40.650527,-73.962982,Brooklyn,Church Av (Brooklyn)
F27,Church Av,40.644041,-73.979678,Brooklyn,Church Av (Brooklyn)
R24,City Hall,40.713282,-74.006978,Manhattan,City Hall (Manhattan)
231,Clark St,40.697466,-73.993086,Brooklyn,Clark St (Brooklyn)
G34,Classon Av,40.688873,-73.96007,Brooklyn,Classon Av (Brooklyn)
J22,Cleveland St,40.679947,-73.884639,Brooklyn,Cleveland St (Brooklyn)
S28,Clifton,40.621319,-74.071402,Staten Island,Clifton (Staten Island)
A44,Clinton-Washington Avs,40.683263,-73.965838,Brooklyn,Clinton-Washington Avs (Brooklyn)
G35,Clinton-Washington Avs,40.688089,-73.966839,Brooklyn,Clinton-Washington Avs (Brooklyn)
D43,Coney Island-Stillwell Av,40.577422,-73.981233,Brooklyn,Coney Island-Stillwell Av (Brooklyn)
D30,Cortelyou Rd,40.640927,-73.963891,Brooklyn,Cortelyou Rd (Brooklyn)
R25,Cortlandt St,40.710668,-74.011029,Manhattan,Cortlandt St (Manhattan)
719,Court Sq,40.747023,-73.945264,Queens,Court Sq (Queens)
G22,Court Sq,40.746554,-73.943832,Queens,Court Sq (Queens)
F09,Court Sq-23 St,40.747846,-73.946,Queens,Court Sq-23 St (Queens)
R28,Court St,40.6941,-73.991777,Brooklyn,Court St (Brooklyn)
J20,Crescent St,40.683194,-73.873785,Queens,Crescent St (Queens)
250,Crown Hts-Utica Av,40.668897,-73.932942,Brooklyn,Crown Hts-Utica Av (Brooklyn)
617,Cypress Av,40.805368,-73.914042,Bronx,Cypress Av (Bronx)
J19,Cypress Hills,40.689941,-73.87255,Queens,Cypress Hills (Queens)
L16,DeKalb Av,40.703811,-73.918425,Brooklyn,DeKalb Av (Brooklyn)
R30,DeKalb Av,40.690635,-73.981824,Brooklyn,DeKalb Av (Brooklyn)
F15,Delancey St-Essex St,40.718611,-73.988114,Manhattan,Delancey St-Essex St (Manhattan)
M18,Delancey St-Essex St,40.718315,-73.987437,Manhattan,Delancey St-Essex St (Manhattan)
F29,Ditmas Av,40.636119,-73.978172,Brooklyn,Ditmas Av (Brooklyn)
S25,Dongan Hills,40.588849,-74.09609,Staten Island,Dongan Hills (Staten Island)
109,Dyckman St,40.860531,-73.925536,Manhattan,Dyckman St (Manhattan)
A03,Dyckman St,40.865491,-73.927271,Manhattan,Dyckman St (Manhattan)
616,E 143 St-St Mary's St,40.808719,-73.907657,Bronx,E 143 St-St Mary's St (Bronx)
615,E 149 St,40.812118,-73.904098,Bronx,E 149 St (Bronx)
213,E 180 St,40.841894,-73.873488,Bronx,E 180 St (Bronx)
L28,East 105 St,40.650573,-73.899485,Brooklyn,East 105 St (Brooklyn)
F16,East Broadway,40.713715,-73.990173,Manhattan,East Broadway (Manhattan)
501,Eastchester-Dyre Av,40.8883,-73.830834,Bronx,Eastchester-Dyre Av (Bronx)
238,Eastern Pkwy-Brooklyn Museum,40.671987,-73.964375,Brooklyn,Eastern Pkwy-Brooklyn Museum (Brooklyn)
611,Elder Av,40.828584,-73.879159,Bronx,Elder Av (Bronx)
G13,Elmhurst Av,40.742454,-73.882017,Queens,Elmhurst Av (Queens)
S18,Eltingville,40.544601,-74.16457,Staten Island,Eltingville (Staten Island)
A55,Euclid Av,40.675377,-73.872106,Queens,Euclid Av (Queens)
H11,Far Rockaway-Mott Av,40.603995,-73.755405,Queens,Far Rockaway-Mott Av (Queens)
247,Flatbush Av-Brooklyn College,40.632836,-73.947642,Brooklyn,Flatbush Av-Brooklyn College (Brooklyn)
G31,Flushing Av,40.700377,-73.950234,Brooklyn,Flushing Av (Brooklyn)
M12,Flushing Av,40.70026,-73.941126,Brooklyn,Flushing Av (Brooklyn)
701,Flushing-Main St,40.7596,-73.83003,Queens,Flushing-Main St (Queens)
407,Fordham Rd,40.862803,-73.901034,Bronx,Fordham Rd (Bronx)
D05,Fordham Rd,40.861296,-73.897749,Bronx,Fordham Rd (Bronx)
M05,Forest Av,40.704423,-73.903077,Queens,Forest Av (Queens)
G08,Forest Hills-71 Av,40.721691,-73.844521,Queens,Forest Hills-71 Av (Queens)
B13,Fort Hamilton Pkwy,40.640914,-73.994304,Brooklyn,Fort Hamilton Pkwy (Brooklyn)
F26,Fort Hamilton Pkwy,40.650782,-73.975776,Brooklyn,Fort Hamilton Pkwy (Brooklyn)
N03,Fort Hamilton Pkwy,40.631386,-74.005351,Brooklyn,Fort Hamilton Pkwy (Brooklyn)
A45,Franklin Av,40.68138,-73.956848,Brooklyn,Franklin Av (Brooklyn)
S01,Franklin Av,40.680596,-73.955827,Brooklyn,Franklin Av (Brooklyn)
239,Franklin Av-Medgar Evers College,40.670682,-73.958131,Brooklyn,Franklin Av-Medgar Evers College (Brooklyn)
136,Franklin St,40.719318,-74.006886,Manhattan,Franklin St (Manhattan)
216,Freeman St,40.829993,-73.891865,Bronx,Freeman St (Bronx)
M04,Fresh Pond Rd,40.706186,-73.895877,Queens,Fresh Pond Rd (Queens)
229,Fulton St,40.709416,-74.006571,Manhattan,Fulton St (Manhattan)
418,Fulton St,40.710368,-74.009509,Manhattan,Fulton St (Manhattan)
A38,Fulton St,40.710197,-74.007691,Manhattan,Fulton St (Manhattan)
G36,Fulton St,40.687119,-73.975375,Brooklyn,Fulton St (Brooklyn)
M22,Fulton St,40.710374,-74.007582,Manhattan,Fulton St (Manhattan)
J30,Gates Av,40.68963,-73.92227,Brooklyn,Gates Av (Brooklyn)
L11,Graham Av,40.714565,-73.944053,Brooklyn,Graham Av (Brooklyn)
237,Grand Army Plaza,40.675235,-73.971046,Brooklyn,Grand Army Plaza (Brooklyn)
G12,Grand Av-Newtown,40.737015,-73.877223,Queens,Grand Av-Newtown (Queens)
631,Grand Central-42 St,40.751776,-73.976848,Manhattan,Grand Central-42 St (Manhattan)
723,Grand Central-42 St,40.751431,-73.976041,Manhattan,Grand Central-42 St (Manhattan)
901,Grand Central-42 St,40.752769,-73.979189,Manhattan,Grand Central-42 St (Manhattan)
D22,Grand St,40.718267,-73.993753,Manhattan,Grand St (Manhattan)
L12,Grand St,40.711926,-73.94067,Brooklyn,Grand St (Brooklyn)
A57,Grant Av,40.677044,-73.86505,Queens,Grant Av (Queens)
S23,Grant City,40.578965,-74.109704,Staten Island,Grant City (Staten Island)
S27,Grasmere,40.603117,-74.084087,Staten Island,Grasmere (Staten Island)
S19,Great Kills,40.551231,-74.151399,Staten Island,Great Kills (Staten Island)
G26,Greenpoint Av,40.731352,-73.954449,Brooklyn,Greenpoint Av (Brooklyn)
208,Gun Hill Rd,40.87785,-73.866256,Bronx,Gun Hill Rd (Bronx)
503,Gun Hill Rd,40.869526,-73.846384,Bronx,Gun Hill Rd (Bronx)
J29,Halsey St,40.68637,-73.916559,Brooklyn,Halsey St (Brooklyn)
L19,Halsey St,40.695602,-73.904084,Brooklyn,Halsey St (Brooklyn)
301,Harlem-148 St,40.82388,-73.93647,Manhattan,Harlem-148 St (Manhattan)
M14,Hewes St,40.70687,-73.953431,Brooklyn,Hewes St (Brooklyn)
A40,High St,40.699337,-73.990531,Brooklyn,High St (Brooklyn)
134,Houston St,40.728251,-74.005367,Manhattan,Houston St (Manhattan)
H03,Howard Beach-JFK Airport,40.660476,-73.830301,Queens,Howard Beach-JFK Airport (Queens)
233,Hoyt St,40.690545,-73.985065,Brooklyn,Hoyt St (Brooklyn)
A42,Hoyt-Schermerhorn Sts,40.688484,-73.985001,Brooklyn,Hoyt-Schermerhorn Sts (Brooklyn)
S16,Huguenot,40.533674,-74.191794,Staten Island,Huguenot (Staten Island)
720,Hunters Point Av,40.742216,-73.948916,Queens,Hunters Point Av (Queens)
613,Hunts Point Av,40.820948,-73.890549,Bronx,Hunts Point Av (Bronx)
218,Intervale Av,40.822181,-73.896736,Bronx,Intervale Av (Bronx)
A02,Inwood-207 St,40.868072,-73.919899,Manhattan,Inwood-207 St (Manhattan)
220,Jackson Av,40.81649,-73.907807,Bronx,Jackson Av (Bronx)
G14,Jackson Hts-Roosevelt Av,40.746644,-73.891338,Queens,Jackson Hts-Roosevelt Av (Queens)
G05,Jamaica Center-Parsons/Archer,40.702147,-73.801109,Queens,Jamaica Center-Parsons/Archer (Queens)
F01,Jamaica-179 St,40.712646,-73.783817,Queens,Jamaica-179 St (Queens)
G07,Jamaica-Van Wyck,40.702566,-73.816859,Queens,Jamaica-Van Wyck (Queens)
A41,Jay St-MetroTech,40.692338,-73.987342,Brooklyn,Jay St-MetroTech (Brooklyn)
R29,Jay St-MetroTech,40.69218,-73.985942,Brooklyn,Jay St-MetroTech (Brooklyn)
S24,Jefferson Av,40.583591,-74.103338,Staten Island,Jefferson Av (Staten Island)
L15,Jefferson St,40.706607,-73.922913,Brooklyn,Jefferson St (Brooklyn)
707,Junction Blvd,40.749145,-73.869527,Queens,Junction Blvd (Queens)
254,Junius St,40.663515,-73.902447,Brooklyn,Junius St (Brooklyn)
F06,Kew Gardens-Union Tpke,40.714441,-73.831008,Queens,Kew Gardens-Union Tpke (Queens)
D35,Kings Hwy,40.60867,-73.957734,Brooklyn,Kings Hwy (Brooklyn)
F35,Kings Hwy,40.603217,-73.972361,Brooklyn,Kings Hwy (Brooklyn)
N08,Kings Hwy,40.603923,-73.980353,Brooklyn,Kings Hwy (Brooklyn)
406,Kingsbridge Rd,40.86776,-73.897174,Bronx,Kingsbridge Rd (Bronx)
D04,Kingsbridge Rd,40.866978,-73.893509,Bronx,Kingsbridge Rd (Bronx)
249,Kingston Av,40.669399,-73.942161,Brooklyn,Kingston Av (Brooklyn)
A47,Kingston-Throop Avs,40.679921,-73.940858,Brooklyn,Kingston-Throop Avs (Brooklyn)
M09,Knickerbocker Av,40.698664,-73.919711,Brooklyn,Knickerbocker Av (Brooklyn)
J31,Kosciuszko St,40.693342,-73.928814,Brooklyn,Kosciuszko St (Brooklyn)
A43,Lafayette Av,40.686113,-73.973946,Brooklyn,Lafayette Av (Brooklyn)
F11,Lexington Av/53 St,40.757552,-73.969055,Manhattan,Lexington Av/53 St (Manhattan)
R11,Lexington Av/59 St,40.76266,-73.967258,Manhattan,Lexington Av/59 St (Manhattan)
B08,Lexington Av/63 St,40.764629,-73.966113,Manhattan,Lexington Av/63 St (Manhattan)
A52,Liberty Av,40.674542,-73.896548,Brooklyn,Liberty Av (Brooklyn)
L26,Livonia Av,40.664038,-73.900571,Brooklyn,Livonia Av (Brooklyn)
614,Longwood Av,40.816104,-73.896435,Bronx,Longwood Av (Bronx)
L10,Lorimer St,40.714063,-73.950275,Brooklyn,Lorimer St (Brooklyn)
M13,Lorimer St,40.703869,-73.947408,Brooklyn,Lorimer St (Brooklyn)
106,Marble Hill-225 St,40.874561,-73.909831,Bronx,Marble Hill-225 St (Bronx)
M16,Marcy Av,40.708359,-73.957757,Brooklyn,Marcy Av (Brooklyn)
G29,Metropolitan Av,40.712792,-73.951418,Brooklyn,Metropolitan Av (Brooklyn)
702,Mets-Willets Point,40.754622,-73.845625,Queens,Mets-Willets Point (Queens)
M01,Middle Village-Metropolitan Av,40.711396,-73.889601,Queens,Middle Village-Metropolitan Av (Queens)
603,Middletown Rd,40.843863,-73.836322,Bronx,Middletown Rd (Bronx)
L13,Montrose Av,40.707739,-73.93985,Brooklyn,Montrose Av (Brooklyn)
L14,Morgan Av,40.706152,-73.933147,Brooklyn,Morgan Av (Brooklyn)
505,Morris Park,40.854364,-73.860495,Bronx,Morris Park (Bronx)
610,Morrison Av-Soundview,40.829521,-73.874516,Bronx,Morrison Av-Soundview (Bronx)
402,Mosholu Pkwy,40.87975,-73.884655,Bronx,Mosholu Pkwy (Bronx)
411,Mt Eden Av,40.844434,-73.914685,Bronx,Mt Eden Av (Bronx)
M11,Myrtle Av,40.697207,-73.935657,Brooklyn,Myrtle Av (Brooklyn)
G32,Myrtle-Willoughby Avs,40.694568,-73.949046,Brooklyn,Myrtle-Willoughby Avs (Brooklyn)
L17,Myrtle-Wyckoff Avs,40.699814,-73.911586,Brooklyn,Myrtle-Wyckoff Avs (Brooklyn)
M08,Myrtle-Wyckoff Avs,40.69943,-73.912385,Brooklyn,Myrtle-Wyckoff Avs (Brooklyn)
G28,Nassau Av,40.724635,-73.951277,Brooklyn,Nassau Av (Brooklyn)
D38,Neck Rd,40.595246,-73.955161,Brooklyn,Neck Rd (Brooklyn)
F39,Neptune Av,40.581011,-73.974574,Brooklyn,Neptune Av (Brooklyn)
204,Nereid Av,40.898379,-73.854376,Bronx,Nereid Av (Bronx)
234,Nevins St,40.688246,-73.980492,Brooklyn,Nevins St (Brooklyn)
S22,New Dorp,40.57348,-74.11721,Staten Island,New Dorp (Staten Island)
257,New Lots Av,40.666235,-73.884079,Brooklyn,New Lots Av (Brooklyn)
L27,New Lots Av,40.658733,-73.899232,Brooklyn,New Lots Av (Brooklyn)
N04,New Utrecht Av,40.624842,-73.996353,Brooklyn,New Utrecht Av (Brooklyn)
246,Newkirk Av-Little Haiti,40.639967,-73.948411,Brooklyn,Newkirk Av-Little Haiti (Brooklyn)
D31,Newkirk Plaza,40.635082,-73.962793,Brooklyn,Newkirk Plaza (Brooklyn)
G16,Northern Blvd,40.752885,-73.906006,Queens,Northern Blvd (Queens)
J21,Norwood Av,40.68141,-73.880039,Brooklyn,Norwood Av (Brooklyn)
D01,Norwood-205 St,40.874811,-73.878855,Bronx,Norwood-205 St (Bronx)
248,Nostrand Av,40.669847,-73.950466,Brooklyn,Nostrand Av (Brooklyn)
A46,Nostrand Av,40.680438,-73.950426,Brooklyn,Nostrand Av (Brooklyn)
S21,Oakwood Heights,40.56511,-74.12632,Staten Island,Oakwood Heights (Staten Island)
D41,Ocean Pkwy,40.576312,-73.968501,Brooklyn,Ocean Pkwy (Brooklyn)
S26,Old Town,40.596612,-74.087368,Staten Island,Old Town (Staten Island)
A65,Ozone Park-Lefferts Blvd,40.685951,-73.825798,Queens,Ozone Park-Lefferts Blvd (Queens)
S03,Park Pl,40.674772,-73.957624,Brooklyn,Park Pl (Brooklyn)
228,Park Place,40.713051,-74.008811,Manhattan,Park Place (Manhattan)
608,Parkchester,40.833226,-73.860816,Bronx,Parkchester (Bronx)
D27,Parkside Av,40.655292,-73.961495,Brooklyn,Parkside Av (Brooklyn)
F03,Parsons Blvd,40.707564,-73.803326,Queens,Parsons Blvd (Queens)
601,Pelham Bay Park,40.852462,-73.828121,Bronx,Pelham Bay Park (Bronx)
211,Pelham Pkwy,40.857192,-73.867615,Bronx,Pelham Pkwy (Bronx)
504,Pelham Pkwy,40.858985,-73.855359,Bronx,Pelham Pkwy (Bronx)
255,Pennsylvania Av,40.664635,-73.894895,Brooklyn,Pennsylvania Av (Brooklyn)
S14,Pleasant Plains,40.52241,-74.217847,Staten Island,Pleasant Plains (Staten Island)
241,President St-Medgar Evers College,40.667883,-73.950683,Brooklyn,President St-Medgar Evers College (Brooklyn)
R22,Prince St,40.724329,-73.997702,Manhattan,Prince St (Manhattan)
S15,Prince's Bay,40.525507,-74.200064,Staten Island,Prince's Bay (Staten Island)
219,Prospect Av,40.819585,-73.90177,Bronx,Prospect Av (Bronx)
R34,Prospect Av,40.665414,-73.992872,Brooklyn,Prospect Av (Brooklyn)
D26,Prospect Park,40.661614,-73.962246,Brooklyn,Prospect Park (Brooklyn)
G21,Queens Plaza,40.748973,-73.937243,Queens,Queens Plaza (Queens)
718,Queensboro Plaza,40.750582,-73.940202,Queens,Queensboro Plaza (Queens)
R09,Queensboro Plaza,40.750582,-73.940202,Queens,Queensboro Plaza (Queens)
A49,Ralph Av,40.678822,-73.920786,Brooklyn,Ralph Av (Brooklyn)
139,Rector St,40.707513,-74.013783,Manhattan,Rector St (Manhattan)
R26,Rector St,40.70722,-74.013342,Manhattan,Rector St (Manhattan)
S13,Richmond Valley,40.519631,-74.229141,Staten Island,Richmond Valley (Staten Island)
253,Rockaway Av,40.662549,-73.908946,Brooklyn,Rockaway Av (Brooklyn)
A50,Rockaway Av,40.67834,-73.911946,Brooklyn,Rockaway Av (Brooklyn)
A61,Rockaway Blvd,40.680429,-73.843853,Queens,Rockaway Blvd (Queens)
H15,Rockaway Park-Beach 116 St,40.580903,-73.835592,Queens,Rockaway Park-Beach 116 St (Queens)
B06,Roosevelt Island,40.759145,-73.95326,Manhattan,Roosevelt Island (Manhattan)
252,Saratoga Av,40.661453,-73.916327,Brooklyn,Saratoga Av (Brooklyn)
M06,Seneca Av,40.702762,-73.90774,Queens,Seneca Av (Queens)
D39,Sheepshead Bay,40.586896,-73.954155,Brooklyn,Sheepshead Bay (Brooklyn)
A54,Shepherd Av,40.67413,-73.88075,Brooklyn,Shepherd Av (Brooklyn)
217,Simpson St,40.824073,-73.893064,Bronx,Simpson St (Bronx)
F22,Smith-9 Sts,40.67358,-73.995959,Brooklyn,Smith-9 Sts (Brooklyn)
142,South Ferry,40.702068,-74.013664,Manhattan,South Ferry (Manhattan)
638,Spring St,40.722301,-73.997141,Manhattan,Spring St (Manhattan)
A33,Spring St,40.726227,-74.003739,Manhattan,Spring St (Manhattan)
S31,St George,40.643748,-74.073643,Staten Island,St George (Staten Island)
609,St Lawrence Av,40.831509,-73.867618,Bronx,St Lawrence Av (Bronx)
S29,Stapleton,40.627915,-74.075162,Staten Island,Stapleton (Staten Island)
G19,Steinway St,40.756879,-73.92074,Queens,Steinway St (Queens)
242,Sterling St,40.662742,-73.95085,Brooklyn,Sterling St (Brooklyn)
F04,Sutphin Blvd,40.70546,-73.810708,Queens,Sutphin Blvd (Queens)
G06,Sutphin Blvd-Archer Av-JFK Airport,40.700486,-73.807969,Queens,Sutphin Blvd-Archer Av-JFK Airport (Queens)
L25,Sutter Av,40.669367,-73.901975,Brooklyn,Sutter Av (Brooklyn)
251,Sutter Av-Rutland Rd,40.664717,-73.92261,Brooklyn,Sutter Av-Rutland Rd (Brooklyn)
127,Times Sq-42 St,40.75529,-73.987495,Manhattan,Times Sq-42 St (Manhattan)
725,Times Sq-42 St,40.755477,-73.987691,Manhattan,Times Sq-42 St (Manhattan)
902,Times Sq-42 St,40.755983,-73.986229,Manhattan,Times Sq-42 St (Manhattan)
R16,Times Sq-42 St,40.754672,-73.986754,Manhattan,Times Sq-42 St (Manhattan)
S30,Tompkinsville,40.636949,-74.074835,Staten Island,Tompkinsville (Staten Island)
S09,Tottenville,40.512764,-74.251961,Staten Island,Tottenville (Staten Island)
D07,Tremont Av,40.85041,-73.905227,Bronx,Tremont Av (Bronx)
R32,Union St,40.677316,-73.98311,Brooklyn,Union St (Brooklyn)
A48,Utica Av,40.679364,-73.930729,Brooklyn,Utica Av (Brooklyn)
101,Van Cortlandt Park-242 St,40.889248,-73.898583,Bronx,Van Cortlandt Park-242 St (Bronx)
256,Van Siclen Av,40.665449,-73.889395,Brooklyn,Van Siclen Av (Brooklyn)
A53,Van Siclen Av,40.67271,-73.890358,Brooklyn,Van Siclen Av (Brooklyn)
J23,Van Siclen Av,40.678024,-73.891688,Brooklyn,Van Siclen Av (Brooklyn)
721,Vernon Blvd-Jackson Av,40.742626,-73.953581,Queens,Vernon Blvd-Jackson Av (Queens)
A32,W 4 St-Wash Sq,40.732338,-74.000495,Manhattan,W 4 St-Wash Sq (Manhattan)
D20,W 4 St-Wash Sq,40.732338,-74.000495,Manhattan,W 4 St-Wash Sq (Manhattan)
D42,W 8 St-NY Aquarium,40.576127,-73.975939,Brooklyn,W 8 St-NY Aquarium (Brooklyn)
201,Wakefield-241 St,40.903125,-73.85062,Bronx,Wakefield-241 St (Bronx)
230,Wall St,40.706821,-74.0091,Manhattan,Wall St (Manhattan)
419,Wall St,40.707557,-74.011862,Manhattan,Wall St (Manhattan)
214,West Farms Sq-E Tremont Av,40.840295,-73.880049,Bronx,West Farms Sq-E Tremont Av (Bronx)
604,Westchester Sq-E Tremont Av,40.839892,-73.842952,Bronx,Westchester Sq-E Tremont Av (Bronx)
R27,Whitehall St-South Ferry,40.703087,-74.012994,Manhattan,Whitehall St-South Ferry (Manhattan)
612,Whitlock Av,40.826525,-73.886283,Bronx,Whitlock Av (Bronx)
L20,Wilson Av,40.688764,-73.904046,Brooklyn,Wilson Av (Brooklyn)
243,Winthrop St,40.656652,-73.9502,Brooklyn,Winthrop St (Brooklyn)
G11,Woodhaven Blvd,40.733106,-73.869229,Queens,Woodhaven Blvd (Queens)
J15,Woodhaven Blvd,40.693879,-73.851576,Queens,Woodhaven Blvd (Queens)
401,Woodlawn,40.886037,-73.878751,Bronx,Woodlawn (Bronx)
E01,World Trade Center,40.712582,-74.009781,Manhattan,World Trade Center (Manhattan)
138,WTC Cortlandt,40.711835,-74.012188,Manhattan,WTC Cortlandt (Manhattan)
F18,York St,40.701397,-73.986751,Brooklyn,York St (Brooklyn)
606,Zerega Av,40.836488,-73.847036,Bronx,Zerega Av (Bronx)